SupplierID,Supplier_name,Address,Phone_num
1,Kutch-Jones,3 Bobwhite Plaza,911-996-5426
2,"Spencer, Jones and Simonis",7194 Golf Course Lane,516-785-8075
3,Brown and Sons,4598 5th Crossing,868-443-7382
4,"Hills, Mueller and Rau",7679 Annamark Way,535-673-4023
5,"Beahan, Bartoletti and Stanton",3 Forster Point,734-886-5546
6,Nikolaus LLC,0043 Judy Road,366-354-8256
7,Jaskolski Group,32 David Junction,756-642-3224
8,Bernier LLC,23 Farwell Center,316-775-3127
9,Bartell Group,041 Grim Road,212-289-6637
10,Larson Inc,003 Trailsway Alley,512-215-9511
